"formula","tool","exit_status","exit_code","time","states","edges","transitions","acc","scc","nondet_states","nondet_aut","complete_aut","product_states","product_transitions","product_scc","automaton"
"F((a) & ((!(d)) U ((b) & (!(d)) & ((d) R ((c) | (d))))))","cd.ltl2ldba.no","ok",0,0.572617,8,20,127,1,7,2,1,0,1589,33237,33,"HOA: v1 States: 8 Start: 0 AP: 4 ""a"" ""d"" ""b"" ""c"" acc-name: Buchi Acceptance: 1 Inf(0) properties: trans-labels explicit-labels trans-acc --BODY-- State: 0 [t] 0 [0&!1] 1 [0&!1&2&3] 2 [t] 3 [0&!1] 4 State: 1 [!1] 1 [!1&2&3] 2 [!1] 4 State: 2 [1] 5 {0} [!1&3] 2 {0} State: 3 [!0&3 | 1] 3 [0&!1&!2&3] 6 [0&!1&2&3] 7 {0} State: 4 [!1&!2&3] 4 [!1&2&3] 7 {0} State: 5 [t] 5 {0} State: 6 [1] 3 [!1&!2&3] 6 [!1&2&3] 7 {0} State: 7 [1 | 3] 7 {0} --END--"
"F((a) & ((!(d)) U ((b) & (!(d)) & ((d) R ((c) | (d))))))","cd.ltl2ldba.yes","ok",0,0.580233,8,20,123,1,7,2,1,0,1589,32216,33,"HOA: v1 States: 8 Start: 0 AP: 4 ""a"" ""d"" ""b"" ""c"" acc-name: Buchi Acceptance: 1 Inf(0) properties: trans-labels explicit-labels trans-acc --BODY-- State: 0 [t] 0 [0&!1] 1 [0&!1&2&3] 2 [!0 | 1 | !2 | !3] 3 [0&!1&!2 | 0&!1&!3] 4 State: 1 [!1] 1 [!1&2&3] 2 [!1&!2 | !1&!3] 4 State: 2 [!1&3] 2 {0} [1] 5 State: 3 [!0&3 | 1] 3 [0&!1&!2&3] 6 [0&!1&2&3] 7 State: 4 [!1&!2&3] 4 [!1&2&3] 7 State: 5 [t] 5 {0} State: 6 [1] 3 [!1&!2&3] 6 [!1&2&3] 7 State: 7 [1 | 3] 7 {0} --END--"
"F((a) & ((!(d)) U ((b) & (!(d)) & ((d) R ((c) | (d))))))","cd.seminator.no","ok",0,0.0133606,4,9,63,1,3,2,1,0,800,16626,3,"HOA: v1 States: 4 Start: 0 AP: 4 ""a"" ""d"" ""b"" ""c"" acc-name: Buchi Acceptance: 1 Inf(0) properties: trans-labels explicit-labels state-acc --BODY-- State: 0 ""{0}"" [!0 | 1] 0 [0&!1] 1 [0&!1&2&3] 2 State: 1 ""{0,2}"" [1] 0 [!1] 1 [!1&2&3] 2 State: 2 ""1"" {0} [!1&3] 2 [1] 3 State: 3 ""3"" {0} [t] 3 --END--"
"F((a) & ((!(d)) U ((b) & (!(d)) & ((d) R ((c) | (d))))))","cd.seminator.yes","ok",0,0.0136988,4,9,63,1,3,2,1,0,800,16626,3,"HOA: v1 States: 4 Start: 0 AP: 4 ""a"" ""d"" ""b"" ""c"" acc-name: Buchi Acceptance: 1 Inf(0) properties: trans-labels explicit-labels state-acc --BODY-- State: 0 ""{0}"" [!0 | 1] 0 [0&!1] 1 [0&!1&2&3] 2 State: 1 ""{0,2}"" [1] 0 [!1] 1 [!1&2&3] 2 State: 2 ""1"" {0} [!1&3] 2 [1] 3 State: 3 ""3"" {0} [t] 3 --END--"
"F((a) & ((!(d)) U ((b) & (!(d)) & ((d) R ((c) | (d))))))","cd.sem_enter.no","ok",0,0.0149359,4,9,63,1,3,2,1,0,800,16626,3,"HOA: v1 States: 4 Start: 0 AP: 4 ""a"" ""d"" ""b"" ""c"" acc-name: Buchi Acceptance: 1 Inf(0) properties: trans-labels explicit-labels state-acc --BODY-- State: 0 ""{0}"" [!0 | 1] 0 [0&!1] 1 [0&!1&2&3] 2 State: 1 ""{0,2}"" [1] 0 [!1] 1 [!1&2&3] 2 State: 2 ""1"" {0} [!1&3] 2 [1] 3 State: 3 ""3"" {0} [t] 3 --END--"
"F((a) & ((!(d)) U ((b) & (!(d)) & ((d) R ((c) | (d))))))","cd.sem_enter.yes","ok",0,0.0138066,4,9,63,1,3,2,1,0,800,16626,3,"HOA: v1 States: 4 Start: 0 AP: 4 ""a"" ""d"" ""b"" ""c"" acc-name: Buchi Acceptance: 1 Inf(0) properties: trans-labels explicit-labels state-acc --BODY-- State: 0 ""{0}"" [!0 | 1] 0 [0&!1] 1 [0&!1&2&3] 2 State: 1 ""{0,2}"" [1] 0 [!1] 1 [!1&2&3] 2 State: 2 ""1"" {0} [!1&3] 2 [1] 3 State: 3 ""3"" {0} [t] 3 --END--"
"F((a) & ((!(d)) U ((b) & (!(d)) & ((d) R ((c) | (d))))))","cd.sem_always.no","ok",0,0.0147952,4,9,63,1,3,2,1,0,800,16626,3,"HOA: v1 States: 4 Start: 0 AP: 4 ""a"" ""d"" ""b"" ""c"" acc-name: Buchi Acceptance: 1 Inf(0) properties: trans-labels explicit-labels state-acc --BODY-- State: 0 ""{0}"" [!0 | 1] 0 [0&!1] 1 [0&!1&2&3] 2 State: 1 ""{0,2}"" [1] 0 [!1] 1 [!1&2&3] 2 State: 2 ""1"" {0} [!1&3] 2 [1] 3 State: 3 ""3"" {0} [t] 3 --END--"
"F((a) & ((!(d)) U ((b) & (!(d)) & ((d) R ((c) | (d))))))","cd.sem_always.yes","ok",0,0.0142329,4,9,63,1,3,2,1,0,800,16626,3,"HOA: v1 States: 4 Start: 0 AP: 4 ""a"" ""d"" ""b"" ""c"" acc-name: Buchi Acceptance: 1 Inf(0) properties: trans-labels explicit-labels state-acc --BODY-- State: 0 ""{0}"" [!0 | 1] 0 [0&!1] 1 [0&!1&2&3] 2 State: 1 ""{0,2}"" [1] 0 [!1] 1 [!1&2&3] 2 State: 2 ""1"" {0} [!1&3] 2 [1] 3 State: 3 ""3"" {0} [t] 3 --END--"
"F((a) & ((!(d)) U ((b) & (!(d)) & ((d) R ((c) | (d))))))","cd.sem_bscc.no","ok",0,0.0137937,4,9,63,1,3,2,1,0,800,16626,3,"HOA: v1 States: 4 Start: 0 AP: 4 ""a"" ""d"" ""b"" ""c"" acc-name: Buchi Acceptance: 1 Inf(0) properties: trans-labels explicit-labels state-acc --BODY-- State: 0 ""{0}"" [!0 | 1] 0 [0&!1] 1 [0&!1&2&3] 2 State: 1 ""{0,2}"" [1] 0 [!1] 1 [!1&2&3] 2 State: 2 ""1"" {0} [!1&3] 2 [1] 3 State: 3 ""3"" {0} [t] 3 --END--"
"F((a) & ((!(d)) U ((b) & (!(d)) & ((d) R ((c) | (d))))))","cd.sem_bscc.yes","ok",0,0.0144264,4,9,63,1,3,2,1,0,800,16626,3,"HOA: v1 States: 4 Start: 0 AP: 4 ""a"" ""d"" ""b"" ""c"" acc-name: Buchi Acceptance: 1 Inf(0) properties: trans-labels explicit-labels state-acc --BODY-- State: 0 ""{0}"" [!0 | 1] 0 [0&!1] 1 [0&!1&2&3] 2 State: 1 ""{0,2}"" [1] 0 [!1] 1 [!1&2&3] 2 State: 2 ""1"" {0} [!1&3] 2 [1] 3 State: 3 ""3"" {0} [t] 3 --END--"
"F((a) & ((!(d)) U ((b) & (!(d)) & ((d) R ((c) | (d))))))","cd.sem_bscc+en.no","ok",0,0.0115077,4,9,63,1,3,2,1,0,800,16626,3,"HOA: v1 States: 4 Start: 0 AP: 4 ""a"" ""d"" ""b"" ""c"" acc-name: Buchi Acceptance: 1 Inf(0) properties: trans-labels explicit-labels state-acc --BODY-- State: 0 ""{0}"" [!0 | 1] 0 [0&!1] 1 [0&!1&2&3] 2 State: 1 ""{0,2}"" [1] 0 [!1] 1 [!1&2&3] 2 State: 2 ""1"" {0} [!1&3] 2 [1] 3 State: 3 ""3"" {0} [t] 3 --END--"
"F((a) & ((!(d)) U ((b) & (!(d)) & ((d) R ((c) | (d))))))","cd.sem_bscc+en.yes","ok",0,0.0104919,4,9,63,1,3,2,1,0,800,16626,3,"HOA: v1 States: 4 Start: 0 AP: 4 ""a"" ""d"" ""b"" ""c"" acc-name: Buchi Acceptance: 1 Inf(0) properties: trans-labels explicit-labels state-acc --BODY-- State: 0 ""{0}"" [!0 | 1] 0 [0&!1] 1 [0&!1&2&3] 2 State: 1 ""{0,2}"" [1] 0 [!1] 1 [!1&2&3] 2 State: 2 ""1"" {0} [!1&3] 2 [1] 3 State: 3 ""3"" {0} [t] 3 --END--"
"F((a) & ((!(d)) U ((b) & (!(d)) & ((d) R ((c) | (d))))))","cd.2-step.no","ok",0,0.0103877,4,9,63,1,3,2,1,0,800,16626,3,"HOA: v1 States: 4 Start: 0 AP: 4 ""a"" ""d"" ""b"" ""c"" acc-name: Buchi Acceptance: 1 Inf(0) properties: trans-labels explicit-labels state-acc --BODY-- State: 0 ""{0}"" [!0 | 1] 0 [0&!1] 1 [0&!1&2&3] 2 State: 1 ""{0,2}"" [1] 0 [!1] 1 [!1&2&3] 2 State: 2 ""1"" {0} [!1&3] 2 [1] 3 State: 3 ""3"" {0} [t] 3 --END--"
"F((a) & ((!(d)) U ((b) & (!(d)) & ((d) R ((c) | (d))))))","cd.2-step.yes","ok",0,0.0102767,4,9,63,1,3,2,1,0,800,16626,3,"HOA: v1 States: 4 Start: 0 AP: 4 ""a"" ""d"" ""b"" ""c"" acc-name: Buchi Acceptance: 1 Inf(0) properties: trans-labels explicit-labels state-acc --BODY-- State: 0 ""{0}"" [!0 | 1] 0 [0&!1] 1 [0&!1&2&3] 2 State: 1 ""{0,2}"" [1] 0 [!1] 1 [!1&2&3] 2 State: 2 ""1"" {0} [!1&3] 2 [1] 3 State: 3 ""3"" {0} [t] 3 --END--"
"F((a) & ((!(d)) U ((b) & (!(d)) & ((d) R ((c) | (d))))))","sd.ltl2ldba.no","ok",0,0.557982,8,20,127,1,7,2,1,0,1589,33237,33,"HOA: v1 States: 8 Start: 0 AP: 4 ""a"" ""d"" ""b"" ""c"" acc-name: Buchi Acceptance: 1 Inf(0) properties: trans-labels explicit-labels trans-acc --BODY-- State: 0 [t] 0 [0&!1] 1 [0&!1&2&3] 2 [t] 3 [0&!1] 4 State: 1 [!1] 1 [!1&2&3] 2 [!1] 4 State: 2 [1] 5 {0} [!1&3] 2 {0} State: 3 [!0&3 | 1] 3 [0&!1&!2&3] 6 [0&!1&2&3] 7 {0} State: 4 [!1&!2&3] 4 [!1&2&3] 7 {0} State: 5 [t] 5 {0} State: 6 [1] 3 [!1&!2&3] 6 [!1&2&3] 7 {0} State: 7 [1 | 3] 7 {0} --END--"
"F((a) & ((!(d)) U ((b) & (!(d)) & ((d) R ((c) | (d))))))","sd.ltl2ldba.yes","ok",0,0.569338,7,14,89,1,7,2,1,0,1400,23472,408,"HOA: v1 States: 7 Start: 0 AP: 4 ""a"" ""d"" ""b"" ""c"" acc-name: Buchi Acceptance: 1 Inf(0) properties: trans-labels explicit-labels trans-acc --BODY-- State: 0 [t] 0 [0&!1] 1 [0&!1&2&3] 2 [!0 | 1 | !2 | !3] 3 [0&!1&!2 | 0&!1&!3] 4 State: 1 [!0&!1] 1 [!0&!1&2&3] 2 [!0&!1&!2 | !0&!1&!3] 4 State: 2 [!1&3] 2 {0} [1] 5 State: 3 [0&!1&2&3] 6 State: 4 [!0&!1&2&3] 6 State: 5 [t] 5 {0} State: 6 [1 | 3] 6 {0} --END--"
"F((a) & ((!(d)) U ((b) & (!(d)) & ((d) R ((c) | (d))))))","sd.nba2ldba.no","ok",0,0.361436,4,8,54,1,4,2,1,0,800,14233,7,"HOA: v1 States: 4 Start: 0 AP: 4 ""a"" ""d"" ""b"" ""c"" acc-name: Buchi Acceptance: 1 Inf(0) properties: trans-labels explicit-labels state-acc --BODY-- State: 0 [t] 0 [0&!1] 1 [0&!1&2&3] 2 State: 1 [!0&!1] 1 [!0&!1&2&3] 2 State: 2 {0} [!1&3] 2 [1] 3 State: 3 {0} [t] 3 --END--"
"F((a) & ((!(d)) U ((b) & (!(d)) & ((d) R ((c) | (d))))))","sd.nba2ldba.yes","ok",0,0.297719,4,8,54,1,4,2,1,0,800,14233,7,"HOA: v1 States: 4 Start: 0 AP: 4 ""a"" ""d"" ""b"" ""c"" acc-name: Buchi Acceptance: 1 Inf(0) properties: trans-labels explicit-labels trans-acc --BODY-- State: 0 [t] 0 [0&!1] 1 [0&!1&2&3] 2 State: 1 [!0&!1] 1 [!0&!1&2&3] 2 State: 2 [!1&3] 2 {0} [1] 3 State: 3 [t] 3 {0} --END--"
"F((a) & ((!(d)) U ((b) & (!(d)) & ((d) R ((c) | (d))))))","sd.seminator.no","ok",0,0.00906055,4,8,54,1,4,2,1,0,800,14233,7,"HOA: v1 States: 4 Start: 0 AP: 4 ""a"" ""d"" ""b"" ""c"" acc-name: Buchi Acceptance: 1 Inf(0) properties: trans-labels explicit-labels state-acc semi-deterministic stutter-invariant very-weak --BODY-- State: 0 [t] 0 [0&!1&2&3] 1 [0&!1] 2 State: 1 {0} [!1&3] 1 [1] 3 State: 2 [!0&!1&2&3] 1 [!0&!1] 2 State: 3 {0} [t] 3 --END--"
"F((a) & ((!(d)) U ((b) & (!(d)) & ((d) R ((c) | (d))))))","sd.seminator.yes","ok",0,0.00961697,4,8,54,1,4,2,1,0,800,14233,7,"HOA: v1 States: 4 Start: 0 AP: 4 ""a"" ""d"" ""b"" ""c"" acc-name: Buchi Acceptance: 1 Inf(0) properties: trans-labels explicit-labels state-acc semi-deterministic stutter-invariant very-weak --BODY-- State: 0 [t] 0 [0&!1&2&3] 1 [0&!1] 2 State: 1 {0} [!1&3] 1 [1] 3 State: 2 [!0&!1&2&3] 1 [!0&!1] 2 State: 3 {0} [t] 3 --END--"
"F((a) & ((!(d)) U ((b) & (!(d)) & ((d) R ((c) | (d))))))","sd.sem_enter.no","ok",0,0.0105979,4,8,54,1,4,2,1,0,800,14233,7,"HOA: v1 States: 4 Start: 0 AP: 4 ""a"" ""d"" ""b"" ""c"" acc-name: Buchi Acceptance: 1 Inf(0) properties: trans-labels explicit-labels state-acc semi-deterministic stutter-invariant very-weak --BODY-- State: 0 [t] 0 [0&!1&2&3] 1 [0&!1] 2 State: 1 {0} [!1&3] 1 [1] 3 State: 2 [!0&!1&2&3] 1 [!0&!1] 2 State: 3 {0} [t] 3 --END--"
"F((a) & ((!(d)) U ((b) & (!(d)) & ((d) R ((c) | (d))))))","sd.sem_enter.yes","ok",0,0.0104855,4,8,54,1,4,2,1,0,800,14233,7,"HOA: v1 States: 4 Start: 0 AP: 4 ""a"" ""d"" ""b"" ""c"" acc-name: Buchi Acceptance: 1 Inf(0) properties: trans-labels explicit-labels state-acc semi-deterministic stutter-invariant very-weak --BODY-- State: 0 [t] 0 [0&!1&2&3] 1 [0&!1] 2 State: 1 {0} [!1&3] 1 [1] 3 State: 2 [!0&!1&2&3] 1 [!0&!1] 2 State: 3 {0} [t] 3 --END--"
"F((a) & ((!(d)) U ((b) & (!(d)) & ((d) R ((c) | (d))))))","sd.sem_always.no","ok",0,0.0101104,4,8,54,1,4,2,1,0,800,14233,7,"HOA: v1 States: 4 Start: 0 AP: 4 ""a"" ""d"" ""b"" ""c"" acc-name: Buchi Acceptance: 1 Inf(0) properties: trans-labels explicit-labels state-acc semi-deterministic stutter-invariant very-weak --BODY-- State: 0 [t] 0 [0&!1&2&3] 1 [0&!1] 2 State: 1 {0} [!1&3] 1 [1] 3 State: 2 [!0&!1&2&3] 1 [!0&!1] 2 State: 3 {0} [t] 3 --END--"
"F((a) & ((!(d)) U ((b) & (!(d)) & ((d) R ((c) | (d))))))","sd.sem_always.yes","ok",0,0.0120987,4,8,54,1,4,2,1,0,800,14233,7,"HOA: v1 States: 4 Start: 0 AP: 4 ""a"" ""d"" ""b"" ""c"" acc-name: Buchi Acceptance: 1 Inf(0) properties: trans-labels explicit-labels state-acc semi-deterministic stutter-invariant very-weak --BODY-- State: 0 [t] 0 [0&!1&2&3] 1 [0&!1] 2 State: 1 {0} [!1&3] 1 [1] 3 State: 2 [!0&!1&2&3] 1 [!0&!1] 2 State: 3 {0} [t] 3 --END--"
"F((a) & ((!(d)) U ((b) & (!(d)) & ((d) R ((c) | (d))))))","sd.sem_bscc.no","ok",0,0.012307,4,8,54,1,4,2,1,0,800,14233,7,"HOA: v1 States: 4 Start: 0 AP: 4 ""a"" ""d"" ""b"" ""c"" acc-name: Buchi Acceptance: 1 Inf(0) properties: trans-labels explicit-labels state-acc semi-deterministic stutter-invariant very-weak --BODY-- State: 0 [t] 0 [0&!1&2&3] 1 [0&!1] 2 State: 1 {0} [!1&3] 1 [1] 3 State: 2 [!0&!1&2&3] 1 [!0&!1] 2 State: 3 {0} [t] 3 --END--"
"F((a) & ((!(d)) U ((b) & (!(d)) & ((d) R ((c) | (d))))))","sd.sem_bscc.yes","ok",0,0.0099872,4,8,54,1,4,2,1,0,800,14233,7,"HOA: v1 States: 4 Start: 0 AP: 4 ""a"" ""d"" ""b"" ""c"" acc-name: Buchi Acceptance: 1 Inf(0) properties: trans-labels explicit-labels state-acc semi-deterministic stutter-invariant very-weak --BODY-- State: 0 [t] 0 [0&!1&2&3] 1 [0&!1] 2 State: 1 {0} [!1&3] 1 [1] 3 State: 2 [!0&!1&2&3] 1 [!0&!1] 2 State: 3 {0} [t] 3 --END--"
"F((a) & ((!(d)) U ((b) & (!(d)) & ((d) R ((c) | (d))))))","sd.sem_bscc+en.no","ok",0,0.0101513,4,8,54,1,4,2,1,0,800,14233,7,"HOA: v1 States: 4 Start: 0 AP: 4 ""a"" ""d"" ""b"" ""c"" acc-name: Buchi Acceptance: 1 Inf(0) properties: trans-labels explicit-labels state-acc semi-deterministic stutter-invariant very-weak --BODY-- State: 0 [t] 0 [0&!1&2&3] 1 [0&!1] 2 State: 1 {0} [!1&3] 1 [1] 3 State: 2 [!0&!1&2&3] 1 [!0&!1] 2 State: 3 {0} [t] 3 --END--"
"F((a) & ((!(d)) U ((b) & (!(d)) & ((d) R ((c) | (d))))))","sd.sem_bscc+en.yes","ok",0,0.011,4,8,54,1,4,2,1,0,800,14233,7,"HOA: v1 States: 4 Start: 0 AP: 4 ""a"" ""d"" ""b"" ""c"" acc-name: Buchi Acceptance: 1 Inf(0) properties: trans-labels explicit-labels state-acc semi-deterministic stutter-invariant very-weak --BODY-- State: 0 [t] 0 [0&!1&2&3] 1 [0&!1] 2 State: 1 {0} [!1&3] 1 [1] 3 State: 2 [!0&!1&2&3] 1 [!0&!1] 2 State: 3 {0} [t] 3 --END--"
"F((a) & ((!(d)) U ((b) & (!(d)) & ((d) R ((c) | (d))))))","sd.2-step.no","ok",0,0.0118265,4,8,54,1,4,2,1,0,800,14233,7,"HOA: v1 States: 4 Start: 0 AP: 4 ""a"" ""d"" ""b"" ""c"" acc-name: Buchi Acceptance: 1 Inf(0) properties: trans-labels explicit-labels state-acc semi-deterministic stutter-invariant very-weak --BODY-- State: 0 [t] 0 [0&!1&2&3] 1 [0&!1] 2 State: 1 {0} [!1&3] 1 [1] 3 State: 2 [!0&!1&2&3] 1 [!0&!1] 2 State: 3 {0} [t] 3 --END--"
"F((a) & ((!(d)) U ((b) & (!(d)) & ((d) R ((c) | (d))))))","sd.2-step.yes","ok",0,0.0121292,4,8,54,1,4,2,1,0,800,14233,7,"HOA: v1 States: 4 Start: 0 AP: 4 ""a"" ""d"" ""b"" ""c"" acc-name: Buchi Acceptance: 1 Inf(0) properties: trans-labels explicit-labels state-acc semi-deterministic stutter-invariant very-weak --BODY-- State: 0 [t] 0 [0&!1&2&3] 1 [0&!1] 2 State: 1 {0} [!1&3] 1 [1] 3 State: 2 [!0&!1&2&3] 1 [!0&!1] 2 State: 3 {0} [t] 3 --END--"
"F((a) & (F(b)) & (((c) & (X(((!(b)) U (d)) & ((b) R ((!(d)) | (G(e))))))) R (!(b))))","cd.ltl2ldba.no","ok",0,0.700497,10,27,220,1,10,4,1,0,1987,29518,430,"HOA: v1 States: 10 Start: 0 AP: 5 ""a"" ""b"" ""c"" ""d"" ""e"" acc-name: Buchi Acceptance: 1 Inf(0) properties: trans-labels explicit-labels trans-acc --BODY-- State: 0 [t] 0 [0&!1] 1 [0&!1&2] 2 [0&!1&2] 3 State: 1 [!1] 1 [!1&2] 2 [!1&2] 3 State: 2 [!1&!3] 2 [!1&3&4] 4 [1&3&4] 5 [!1&!3] 3 [!1&3&4] 6 State: 3 [!1&!3&4] 7 [!1&3&4] 8 [1&3&4] 9 {0} State: 4 [!1&4] 4 [1&4] 5 [!1&4] 6 State: 5 [4] 5 {0} State: 6 [!1&4] 8 [1&4] 9 {0} State: 7 [!1&!3&4] 7 [!1&3&4] 8 [1&3&4] 9 {0} State: 8 [!1&4] 8 [1&4] 9 {0} State: 9 [4] 9 {0} --END--"
"F((a) & (F(b)) & (((c) & (X(((!(b)) U (d)) & ((b) R ((!(d)) | (G(e))))))) R (!(b))))","cd.ltl2ldba.yes","ok",0,0.740659,6,17,148,1,6,3,1,0,1199,20026,37,"HOA: v1 States: 6 Start: 0 AP: 5 ""a"" ""b"" ""c"" ""d"" ""e"" acc-name: Buchi Acceptance: 1 Inf(0) properties: trans-labels explicit-labels state-acc --BODY-- State: 0 [t] 0 [0&!1] 1 [0&!1&2] 2 [0&!1&2] 3 State: 1 [!1] 1 [!1&2] 2 [!1&2] 3 State: 2 [!1&!3] 2 [!1&!3] 3 [1&3&4] 4 [!1&3&4] 5 State: 3 [!1&!3&4] 3 [1&3&4] 4 [!1&3&4] 5 State: 4 {0} [4] 4 State: 5 [1&4] 4 [!1&4] 5 --END--"
"F((a) & (F(b)) & (((c) & (X(((!(b)) U (d)) & ((b) R ((!(d)) | (G(e))))))) R (!(b))))","cd.seminator.no","ok",0,0.0138572,5,12,120,1,4,2,1,0,999,16163,37,"HOA: v1 States: 5 Start: 0 AP: 5 ""a"" ""b"" ""c"" ""d"" ""e"" acc-name: Buchi Acceptance: 1 Inf(0) properties: trans-labels explicit-labels state-acc --BODY-- State: 0 ""{0}"" [!0 | 1] 0 [0&!1] 1 [0&!1&2] 2 State: 1 ""{0,1}"" [1] 0 [!1] 1 [!1&2] 2 State: 2 ""2"" [!1&!2&!3] 2 [1&3&4] 3 [!1&3&4] 4 State: 3 ""3"" {0} [4] 3 State: 4 ""4"" [1&4] 3 [!1&4] 4 --END--"
"F((a) & (F(b)) & (((c) & (X(((!(b)) U (d)) & ((b) R ((!(d)) | (G(e))))))) R (!(b))))","cd.seminator.yes","ok",0,0.0139521,5,12,120,1,4,2,1,0,999,16163,37,"HOA: v1 States: 5 Start: 0 AP: 5 ""a"" ""b"" ""c"" ""d"" ""e"" acc-name: Buchi Acceptance: 1 Inf(0) properties: trans-labels explicit-labels state-acc --BODY-- State: 0 ""{0}"" [!0 | 1] 0 [0&!1] 1 [0&!1&2] 2 State: 1 ""{0,1}"" [1] 0 [!1] 1 [!1&2] 2 State: 2 ""2"" [!1&!2&!3] 2 [1&3&4] 3 [!1&3&4] 4 State: 3 ""3"" {0} [4] 3 State: 4 ""4"" [1&4] 3 [!1&4] 4 --END--"
"F((a) & (F(b)) & (((c) & (X(((!(b)) U (d)) & ((b) R ((!(d)) | (G(e))))))) R (!(b))))","cd.sem_enter.no","ok",0,0.0149249,5,12,120,1,4,2,1,0,999,16163,37,"HOA: v1 States: 5 Start: 0 AP: 5 ""a"" ""b"" ""c"" ""d"" ""e"" acc-name: Buchi Acceptance: 1 Inf(0) properties: trans-labels explicit-labels state-acc --BODY-- State: 0 ""{0}"" [!0 | 1] 0 [0&!1] 1 [0&!1&2] 2 State: 1 ""{0,1}"" [1] 0 [!1] 1 [!1&2] 2 State: 2 ""2"" [!1&!2&!3] 2 [1&3&4] 3 [!1&3&4] 4 State: 3 ""3"" {0} [4] 3 State: 4 ""4"" [1&4] 3 [!1&4] 4 --END--"
"F((a) & (F(b)) & (((c) & (X(((!(b)) U (d)) & ((b) R ((!(d)) | (G(e))))))) R (!(b))))","cd.sem_enter.yes","ok",0,0.016062,5,12,120,1,4,2,1,0,999,16163,37,"HOA: v1 States: 5 Start: 0 AP: 5 ""a"" ""b"" ""c"" ""d"" ""e"" acc-name: Buchi Acceptance: 1 Inf(0) properties: trans-labels explicit-labels state-acc --BODY-- State: 0 ""{0}"" [!0 | 1] 0 [0&!1] 1 [0&!1&2] 2 State: 1 ""{0,1}"" [1] 0 [!1] 1 [!1&2] 2 State: 2 ""2"" [!1&!2&!3] 2 [1&3&4] 3 [!1&3&4] 4 State: 3 ""3"" {0} [4] 3 State: 4 ""4"" [1&4] 3 [!1&4] 4 --END--"
"F((a) & (F(b)) & (((c) & (X(((!(b)) U (d)) & ((b) R ((!(d)) | (G(e))))))) R (!(b))))","cd.sem_always.no","ok",0,0.0137068,5,12,120,1,4,2,1,0,999,16163,37,"HOA: v1 States: 5 Start: 0 AP: 5 ""a"" ""b"" ""c"" ""d"" ""e"" acc-name: Buchi Acceptance: 1 Inf(0) properties: trans-labels explicit-labels state-acc --BODY-- State: 0 ""{0}"" [!0 | 1] 0 [0&!1] 1 [0&!1&2] 2 State: 1 ""{0,1}"" [1] 0 [!1] 1 [!1&2] 2 State: 2 ""2"" [!1&!2&!3] 2 [1&3&4] 3 [!1&3&4] 4 State: 3 ""3"" {0} [4] 3 State: 4 ""4"" [1&4] 3 [!1&4] 4 --END--"
"F((a) & (F(b)) & (((c) & (X(((!(b)) U (d)) & ((b) R ((!(d)) | (G(e))))))) R (!(b))))","cd.sem_always.yes","ok",0,0.0137038,5,12,120,1,4,2,1,0,999,16163,37,"HOA: v1 States: 5 Start: 0 AP: 5 ""a"" ""b"" ""c"" ""d"" ""e"" acc-name: Buchi Acceptance: 1 Inf(0) properties: trans-labels explicit-labels state-acc --BODY-- State: 0 ""{0}"" [!0 | 1] 0 [0&!1] 1 [0&!1&2] 2 State: 1 ""{0,1}"" [1] 0 [!1] 1 [!1&2] 2 State: 2 ""2"" [!1&!2&!3] 2 [1&3&4] 3 [!1&3&4] 4 State: 3 ""3"" {0} [4] 3 State: 4 ""4"" [1&4] 3 [!1&4] 4 --END--"
"F((a) & (F(b)) & (((c) & (X(((!(b)) U (d)) & ((b) R ((!(d)) | (G(e))))))) R (!(b))))","cd.sem_bscc.no","ok",0,0.013292,5,12,120,1,4,2,1,0,999,16163,37,"HOA: v1 States: 5 Start: 0 AP: 5 ""a"" ""b"" ""c"" ""d"" ""e"" acc-name: Buchi Acceptance: 1 Inf(0) properties: trans-labels explicit-labels state-acc --BODY-- State: 0 ""{0}"" [!0 | 1] 0 [0&!1] 1 [0&!1&2] 2 State: 1 ""{0,1}"" [1] 0 [!1] 1 [!1&2] 2 State: 2 ""2"" [!1&!2&!3] 2 [1&3&4] 3 [!1&3&4] 4 State: 3 ""3"" {0} [4] 3 State: 4 ""4"" [1&4] 3 [!1&4] 4 --END--"
"F((a) & (F(b)) & (((c) & (X(((!(b)) U (d)) & ((b) R ((!(d)) | (G(e))))))) R (!(b))))","cd.sem_bscc.yes","ok",0,0.0128094,5,12,120,1,4,2,1,0,999,16163,37,"HOA: v1 States: 5 Start: 0 AP: 5 ""a"" ""b"" ""c"" ""d"" ""e"" acc-name: Buchi Acceptance: 1 Inf(0) properties: trans-labels explicit-labels state-acc --BODY-- State: 0 ""{0}"" [!0 | 1] 0 [0&!1] 1 [0&!1&2] 2 State: 1 ""{0,1}"" [1] 0 [!1] 1 [!1&2] 2 State: 2 ""2"" [!1&!2&!3] 2 [1&3&4] 3 [!1&3&4] 4 State: 3 ""3"" {0} [4] 3 State: 4 ""4"" [1&4] 3 [!1&4] 4 --END--"
"F((a) & (F(b)) & (((c) & (X(((!(b)) U (d)) & ((b) R ((!(d)) | (G(e))))))) R (!(b))))","cd.sem_bscc+en.no","ok",0,0.0133162,5,12,120,1,4,2,1,0,999,16163,37,"HOA: v1 States: 5 Start: 0 AP: 5 ""a"" ""b"" ""c"" ""d"" ""e"" acc-name: Buchi Acceptance: 1 Inf(0) properties: trans-labels explicit-labels state-acc --BODY-- State: 0 ""{0}"" [!0 | 1] 0 [0&!1] 1 [0&!1&2] 2 State: 1 ""{0,1}"" [1] 0 [!1] 1 [!1&2] 2 State: 2 ""2"" [!1&!2&!3] 2 [1&3&4] 3 [!1&3&4] 4 State: 3 ""3"" {0} [4] 3 State: 4 ""4"" [1&4] 3 [!1&4] 4 --END--"
"F((a) & (F(b)) & (((c) & (X(((!(b)) U (d)) & ((b) R ((!(d)) | (G(e))))))) R (!(b))))","cd.sem_bscc+en.yes","ok",0,0.0134038,5,12,120,1,4,2,1,0,999,16163,37,"HOA: v1 States: 5 Start: 0 AP: 5 ""a"" ""b"" ""c"" ""d"" ""e"" acc-name: Buchi Acceptance: 1 Inf(0) properties: trans-labels explicit-labels state-acc --BODY-- State: 0 ""{0}"" [!0 | 1] 0 [0&!1] 1 [0&!1&2] 2 State: 1 ""{0,1}"" [1] 0 [!1] 1 [!1&2] 2 State: 2 ""2"" [!1&!2&!3] 2 [1&3&4] 3 [!1&3&4] 4 State: 3 ""3"" {0} [4] 3 State: 4 ""4"" [1&4] 3 [!1&4] 4 --END--"
"F((a) & (F(b)) & (((c) & (X(((!(b)) U (d)) & ((b) R ((!(d)) | (G(e))))))) R (!(b))))","cd.2-step.no","ok",0,0.012808,5,12,120,1,4,2,1,0,999,16163,37,"HOA: v1 States: 5 Start: 0 AP: 5 ""a"" ""b"" ""c"" ""d"" ""e"" acc-name: Buchi Acceptance: 1 Inf(0) properties: trans-labels explicit-labels state-acc --BODY-- State: 0 ""{0}"" [!0 | 1] 0 [0&!1] 1 [0&!1&2] 2 State: 1 ""{0,1}"" [1] 0 [!1] 1 [!1&2] 2 State: 2 ""2"" [!1&!2&!3] 2 [1&3&4] 3 [!1&3&4] 4 State: 3 ""3"" {0} [4] 3 State: 4 ""4"" [1&4] 3 [!1&4] 4 --END--"
"F((a) & (F(b)) & (((c) & (X(((!(b)) U (d)) & ((b) R ((!(d)) | (G(e))))))) R (!(b))))","cd.2-step.yes","ok",0,0.0143835,5,12,120,1,4,2,1,0,999,16163,37,"HOA: v1 States: 5 Start: 0 AP: 5 ""a"" ""b"" ""c"" ""d"" ""e"" acc-name: Buchi Acceptance: 1 Inf(0) properties: trans-labels explicit-labels state-acc --BODY-- State: 0 ""{0}"" [!0 | 1] 0 [0&!1] 1 [0&!1&2] 2 State: 1 ""{0,1}"" [1] 0 [!1] 1 [!1&2] 2 State: 2 ""2"" [!1&!2&!3] 2 [1&3&4] 3 [!1&3&4] 4 State: 3 ""3"" {0} [4] 3 State: 4 ""4"" [1&4] 3 [!1&4] 4 --END--"
"F((a) & (F(b)) & (((c) & (X(((!(b)) U (d)) & ((b) R ((!(d)) | (G(e))))))) R (!(b))))","sd.ltl2ldba.no","ok",0,0.70417,12,30,252,1,12,4,1,0,2386,33775,434,"HOA: v1 States: 12 Start: 0 AP: 5 ""a"" ""b"" ""c"" ""d"" ""e"" acc-name: Buchi Acceptance: 1 Inf(0) properties: trans-labels explicit-labels trans-acc --BODY-- State: 0 [t] 0 [0&!1] 1 [0&!1&2] 2 [0&!1&2] 3 State: 1 [!1] 1 [!1&2] 2 [!1&2] 3 State: 2 [!1&!3] 2 [!1&3&4] 4 [1&3&4] 5 [!1&!3] 3 [!1&3&4] 6 State: 3 [!1&!3&4] 10 [!1&3&4] 11 [1&3&4] 7 {0} State: 4 [!1&4] 4 [1&4] 5 [!1&4] 6 State: 5 [4] 5 {0} State: 6 [!1&4] 8 [1&4] 9 {0} State: 7 [4] 7 {0} State: 8 [!1&4] 8 [1&4] 9 {0} State: 9 [4] 9 {0} State: 10 [!1&!3&4] 10 [!1&3&4] 11 [1&3&4] 7 {0} State: 11 [!1&4] 11 [1&4] 7 {0} --END--"
"F((a) & (F(b)) & (((c) & (X(((!(b)) U (d)) & ((b) R ((!(d)) | (G(e))))))) R (!(b))))","sd.ltl2ldba.yes","ok",0,0.725423,5,11,100,1,5,2,1,0,999,13465,38,"HOA: v1 States: 5 Start: 0 AP: 5 ""a"" ""b"" ""c"" ""d"" ""e"" acc-name: Buchi Acceptance: 1 Inf(0) properties: trans-labels explicit-labels state-acc --BODY-- State: 0 [t] 0 [0&!1] 1 [0&!1&2] 2 State: 1 [!0&!1] 1 [!0&!1&2] 2 State: 2 [!1&!2&!3] 2 [1&3&4] 3 [!1&3&4] 4 State: 3 {0} [4] 3 State: 4 [1&4] 3 [!1&4] 4 --END--"
"F((a) & (F(b)) & (((c) & (X(((!(b)) U (d)) & ((b) R ((!(d)) | (G(e))))))) R (!(b))))","sd.nba2ldba.no","ok",0,0.41218,5,11,100,1,5,2,1,0,999,13465,38,"HOA: v1 States: 5 Start: 0 AP: 5 ""a"" ""b"" ""c"" ""d"" ""e"" acc-name: Buchi Acceptance: 1 Inf(0) properties: trans-labels explicit-labels state-acc --BODY-- State: 0 [t] 0 [0&!1] 1 [0&!1&2] 2 State: 1 [!0&!1] 1 [!0&!1&2] 2 State: 2 [!1&!2&!3] 2 [!1&3&4] 3 [1&3&4] 4 State: 3 [!1&4] 3 [1&4] 4 State: 4 {0} [4] 4 --END--"
"F((a) & (F(b)) & (((c) & (X(((!(b)) U (d)) & ((b) R ((!(d)) | (G(e))))))) R (!(b))))","sd.nba2ldba.yes","ok",0,0.288697,5,11,100,1,5,2,1,0,999,13465,38,"HOA: v1 States: 5 Start: 0 AP: 5 ""a"" ""b"" ""c"" ""d"" ""e"" acc-name: Buchi Acceptance: 1 Inf(0) properties: trans-labels explicit-labels state-acc --BODY-- State: 0 [t] 0 [0&!1] 1 [0&!1&2] 2 State: 1 [!0&!1] 1 [!0&!1&2] 2 State: 2 [!1&!2&!3] 2 [!1&3&4] 3 [1&3&4] 4 State: 3 [!1&4] 3 [1&4] 4 State: 4 {0} [4] 4 --END--"
"F((a) & (F(b)) & (((c) & (X(((!(b)) U (d)) & ((b) R ((!(d)) | (G(e))))))) R (!(b))))","sd.seminator.no","ok",0,0.0114002,5,11,100,1,5,2,1,0,999,13465,38,"HOA: v1 States: 5 Start: 0 AP: 5 ""a"" ""b"" ""c"" ""d"" ""e"" acc-name: Buchi Acceptance: 1 Inf(0) properties: trans-labels explicit-labels state-acc semi-deterministic very-weak --BODY-- State: 0 [t] 0 [0&!1] 1 [0&!1&2] 2 State: 1 [!0&!1] 1 [!0&!1&2] 2 State: 2 [!1&!2&!3] 2 [1&3&4] 3 [!1&3&4] 4 State: 3 {0} [4] 3 State: 4 [1&4] 3 [!1&4] 4 --END--"
"F((a) & (F(b)) & (((c) & (X(((!(b)) U (d)) & ((b) R ((!(d)) | (G(e))))))) R (!(b))))","sd.seminator.yes","ok",0,0.0113596,5,11,100,1,5,2,1,0,999,13465,38,"HOA: v1 States: 5 Start: 0 AP: 5 ""a"" ""b"" ""c"" ""d"" ""e"" acc-name: Buchi Acceptance: 1 Inf(0) properties: trans-labels explicit-labels state-acc semi-deterministic very-weak --BODY-- State: 0 [t] 0 [0&!1] 1 [0&!1&2] 2 State: 1 [!0&!1] 1 [!0&!1&2] 2 State: 2 [!1&!2&!3] 2 [1&3&4] 3 [!1&3&4] 4 State: 3 {0} [4] 3 State: 4 [1&4] 3 [!1&4] 4 --END--"
"F((a) & (F(b)) & (((c) & (X(((!(b)) U (d)) & ((b) R ((!(d)) | (G(e))))))) R (!(b))))","sd.sem_enter.no","ok",0,0.0128577,5,11,100,1,5,2,1,0,999,13465,38,"HOA: v1 States: 5 Start: 0 AP: 5 ""a"" ""b"" ""c"" ""d"" ""e"" acc-name: Buchi Acceptance: 1 Inf(0) properties: trans-labels explicit-labels state-acc semi-deterministic very-weak --BODY-- State: 0 [t] 0 [0&!1] 1 [0&!1&2] 2 State: 1 [!0&!1] 1 [!0&!1&2] 2 State: 2 [!1&!2&!3] 2 [1&3&4] 3 [!1&3&4] 4 State: 3 {0} [4] 3 State: 4 [1&4] 3 [!1&4] 4 --END--"
"F((a) & (F(b)) & (((c) & (X(((!(b)) U (d)) & ((b) R ((!(d)) | (G(e))))))) R (!(b))))","sd.sem_enter.yes","ok",0,0.0114268,5,11,100,1,5,2,1,0,999,13465,38,"HOA: v1 States: 5 Start: 0 AP: 5 ""a"" ""b"" ""c"" ""d"" ""e"" acc-name: Buchi Acceptance: 1 Inf(0) properties: trans-labels explicit-labels state-acc semi-deterministic very-weak --BODY-- State: 0 [t] 0 [0&!1] 1 [0&!1&2] 2 State: 1 [!0&!1] 1 [!0&!1&2] 2 State: 2 [!1&!2&!3] 2 [1&3&4] 3 [!1&3&4] 4 State: 3 {0} [4] 3 State: 4 [1&4] 3 [!1&4] 4 --END--"
"F((a) & (F(b)) & (((c) & (X(((!(b)) U (d)) & ((b) R ((!(d)) | (G(e))))))) R (!(b))))","sd.sem_always.no","ok",0,0.0128822,5,11,100,1,5,2,1,0,999,13465,38,"HOA: v1 States: 5 Start: 0 AP: 5 ""a"" ""b"" ""c"" ""d"" ""e"" acc-name: Buchi Acceptance: 1 Inf(0) properties: trans-labels explicit-labels state-acc semi-deterministic very-weak --BODY-- State: 0 [t] 0 [0&!1] 1 [0&!1&2] 2 State: 1 [!0&!1] 1 [!0&!1&2] 2 State: 2 [!1&!2&!3] 2 [1&3&4] 3 [!1&3&4] 4 State: 3 {0} [4] 3 State: 4 [1&4] 3 [!1&4] 4 --END--"
"F((a) & (F(b)) & (((c) & (X(((!(b)) U (d)) & ((b) R ((!(d)) | (G(e))))))) R (!(b))))","sd.sem_always.yes","ok",0,0.0121275,5,11,100,1,5,2,1,0,999,13465,38,"HOA: v1 States: 5 Start: 0 AP: 5 ""a"" ""b"" ""c"" ""d"" ""e"" acc-name: Buchi Acceptance: 1 Inf(0) properties: trans-labels explicit-labels state-acc semi-deterministic very-weak --BODY-- State: 0 [t] 0 [0&!1] 1 [0&!1&2] 2 State: 1 [!0&!1] 1 [!0&!1&2] 2 State: 2 [!1&!2&!3] 2 [1&3&4] 3 [!1&3&4] 4 State: 3 {0} [4] 3 State: 4 [1&4] 3 [!1&4] 4 --END--"
"F((a) & (F(b)) & (((c) & (X(((!(b)) U (d)) & ((b) R ((!(d)) | (G(e))))))) R (!(b))))","sd.sem_bscc.no","ok",0,0.0120293,5,11,100,1,5,2,1,0,999,13465,38,"HOA: v1 States: 5 Start: 0 AP: 5 ""a"" ""b"" ""c"" ""d"" ""e"" acc-name: Buchi Acceptance: 1 Inf(0) properties: trans-labels explicit-labels state-acc semi-deterministic very-weak --BODY-- State: 0 [t] 0 [0&!1] 1 [0&!1&2] 2 State: 1 [!0&!1] 1 [!0&!1&2] 2 State: 2 [!1&!2&!3] 2 [1&3&4] 3 [!1&3&4] 4 State: 3 {0} [4] 3 State: 4 [1&4] 3 [!1&4] 4 --END--"
"F((a) & (F(b)) & (((c) & (X(((!(b)) U (d)) & ((b) R ((!(d)) | (G(e))))))) R (!(b))))","sd.sem_bscc.yes","ok",0,0.0130841,5,11,100,1,5,2,1,0,999,13465,38,"HOA: v1 States: 5 Start: 0 AP: 5 ""a"" ""b"" ""c"" ""d"" ""e"" acc-name: Buchi Acceptance: 1 Inf(0) properties: trans-labels explicit-labels state-acc semi-deterministic very-weak --BODY-- State: 0 [t] 0 [0&!1] 1 [0&!1&2] 2 State: 1 [!0&!1] 1 [!0&!1&2] 2 State: 2 [!1&!2&!3] 2 [1&3&4] 3 [!1&3&4] 4 State: 3 {0} [4] 3 State: 4 [1&4] 3 [!1&4] 4 --END--"
"F((a) & (F(b)) & (((c) & (X(((!(b)) U (d)) & ((b) R ((!(d)) | (G(e))))))) R (!(b))))","sd.sem_bscc+en.no","ok",0,0.0131784,5,11,100,1,5,2,1,0,999,13465,38,"HOA: v1 States: 5 Start: 0 AP: 5 ""a"" ""b"" ""c"" ""d"" ""e"" acc-name: Buchi Acceptance: 1 Inf(0) properties: trans-labels explicit-labels state-acc semi-deterministic very-weak --BODY-- State: 0 [t] 0 [0&!1] 1 [0&!1&2] 2 State: 1 [!0&!1] 1 [!0&!1&2] 2 State: 2 [!1&!2&!3] 2 [1&3&4] 3 [!1&3&4] 4 State: 3 {0} [4] 3 State: 4 [1&4] 3 [!1&4] 4 --END--"
"F((a) & (F(b)) & (((c) & (X(((!(b)) U (d)) & ((b) R ((!(d)) | (G(e))))))) R (!(b))))","sd.sem_bscc+en.yes","ok",0,0.0121765,5,11,100,1,5,2,1,0,999,13465,38,"HOA: v1 States: 5 Start: 0 AP: 5 ""a"" ""b"" ""c"" ""d"" ""e"" acc-name: Buchi Acceptance: 1 Inf(0) properties: trans-labels explicit-labels state-acc semi-deterministic very-weak --BODY-- State: 0 [t] 0 [0&!1] 1 [0&!1&2] 2 State: 1 [!0&!1] 1 [!0&!1&2] 2 State: 2 [!1&!2&!3] 2 [1&3&4] 3 [!1&3&4] 4 State: 3 {0} [4] 3 State: 4 [1&4] 3 [!1&4] 4 --END--"
"F((a) & (F(b)) & (((c) & (X(((!(b)) U (d)) & ((b) R ((!(d)) | (G(e))))))) R (!(b))))","sd.2-step.no","ok",0,0.01302,5,11,100,1,5,2,1,0,999,13465,38,"HOA: v1 States: 5 Start: 0 AP: 5 ""a"" ""b"" ""c"" ""d"" ""e"" acc-name: Buchi Acceptance: 1 Inf(0) properties: trans-labels explicit-labels state-acc semi-deterministic very-weak --BODY-- State: 0 [t] 0 [0&!1] 1 [0&!1&2] 2 State: 1 [!0&!1] 1 [!0&!1&2] 2 State: 2 [!1&!2&!3] 2 [1&3&4] 3 [!1&3&4] 4 State: 3 {0} [4] 3 State: 4 [1&4] 3 [!1&4] 4 --END--"
"F((a) & (F(b)) & (((c) & (X(((!(b)) U (d)) & ((b) R ((!(d)) | (G(e))))))) R (!(b))))","sd.2-step.yes","ok",0,0.012371,5,11,100,1,5,2,1,0,999,13465,38,"HOA: v1 States: 5 Start: 0 AP: 5 ""a"" ""b"" ""c"" ""d"" ""e"" acc-name: Buchi Acceptance: 1 Inf(0) properties: trans-labels explicit-labels state-acc semi-deterministic very-weak --BODY-- State: 0 [t] 0 [0&!1] 1 [0&!1&2] 2 State: 1 [!0&!1] 1 [!0&!1&2] 2 State: 2 [!1&!2&!3] 2 [1&3&4] 3 [!1&3&4] 4 State: 3 {0} [4] 3 State: 4 [1&4] 3 [!1&4] 4 --END--"
"F((a) & ((!(c)) U ((b) & (!(c)) & (X(((!(c)) U (d)) & ((c) R ((!(d)) | (G(e)))))))))","cd.ltl2ldba.no","ok",0,0.671793,8,19,176,1,8,3,1,0,1584,22231,238,"HOA: v1 States: 8 Start: 0 AP: 5 ""a"" ""c"" ""b"" ""d"" ""e"" acc-name: Buchi Acceptance: 1 Inf(0) properties: trans-labels explicit-labels trans-acc --BODY-- State: 0 [t] 0 [0&!1] 5 [0&!1&2] 1 [0&!1&2] 4 State: 1 [!1&!3] 1 [!1&3&4] 2 [1&3&4] 3 [!1&!3] 4 State: 2 [1&4] 3 {0} [!1&4] 2 {0} State: 3 [4] 3 {0} State: 4 [!1&!3&4] 7 [3&4] 6 {0} State: 5 [!1] 5 [!1&2] 1 [!1&2] 4 State: 6 [4] 6 {0} State: 7 [!1&!3&4] 7 [3&4] 6 {0} --END--"
"F((a) & ((!(c)) U ((b) & (!(c)) & (X(((!(c)) U (d)) & ((c) R ((!(d)) | (G(e)))))))))","cd.ltl2ldba.yes","ok",0,0.707322,5,13,132,1,5,3,1,0,1000,16726,48,"HOA: v1 States: 5 Start: 0 AP: 5 ""a"" ""c"" ""b"" ""d"" ""e"" acc-name: Buchi Acceptance: 1 Inf(0) properties: trans-labels explicit-labels state-acc --BODY-- State: 0 [t] 0 [0&!1&2] 1 [0&!1&2] 3 [0&!1] 4 State: 1 [!1&!3] 1 [3&4] 2 [!1&!3] 3 State: 2 {0} [4] 2 State: 3 [3&4] 2 [!1&!3&4] 3 State: 4 [!1&2] 1 [!1&2] 3 [!1] 4 --END--"
"F((a) & ((!(c)) U ((b) & (!(c)) & (X(((!(c)) U (d)) & ((c) R ((!(d)) | (G(e)))))))))","cd.seminator.no","ok",0,0.0145157,4,9,104,1,3,2,1,0,800,13269,48,"HOA: v1 States: 4 Start: 0 AP: 5 ""a"" ""c"" ""b"" ""d"" ""e"" acc-name: Buchi Acceptance: 1 Inf(0) properties: trans-labels explicit-labels state-acc --BODY-- State: 0 ""{0}"" [!0 | 1] 0 [0&!1] 1 [0&!1&2] 2 State: 1 ""{0,2}"" [1] 0 [!1] 1 [!1&2] 2 State: 2 ""1"" [!1&!2&!3] 2 [3&4] 3 State: 3 ""3"" {0} [4] 3 --END--"
"F((a) & ((!(c)) U ((b) & (!(c)) & (X(((!(c)) U (d)) & ((c) R ((!(d)) | (G(e)))))))))","cd.seminator.yes","ok",0,0.0141298,4,9,104,1,3,2,1,0,800,13269,48,"HOA: v1 States: 4 Start: 0 AP: 5 ""a"" ""c"" ""b"" ""d"" ""e"" acc-name: Buchi Acceptance: 1 Inf(0) properties: trans-labels explicit-labels state-acc --BODY-- State: 0 ""{0}"" [!0 | 1] 0 [0&!1] 1 [0&!1&2] 2 State: 1 ""{0,2}"" [1] 0 [!1] 1 [!1&2] 2 State: 2 ""1"" [!1&!2&!3] 2 [3&4] 3 State: 3 ""3"" {0} [4] 3 --END--"
"F((a) & ((!(c)) U ((b) & (!(c)) & (X(((!(c)) U (d)) & ((c) R ((!(d)) | (G(e)))))))))","cd.sem_enter.no","ok",0,0.0136349,4,9,104,1,3,2,1,0,800,13269,48,"HOA: v1 States: 4 Start: 0 AP: 5 ""a"" ""c"" ""b"" ""d"" ""e"" acc-name: Buchi Acceptance: 1 Inf(0) properties: trans-labels explicit-labels state-acc --BODY-- State: 0 ""{0}"" [!0 | 1] 0 [0&!1] 1 [0&!1&2] 2 State: 1 ""{0,2}"" [1] 0 [!1] 1 [!1&2] 2 State: 2 ""1"" [!1&!2&!3] 2 [3&4] 3 State: 3 ""3"" {0} [4] 3 --END--"
"F((a) & ((!(c)) U ((b) & (!(c)) & (X(((!(c)) U (d)) & ((c) R ((!(d)) | (G(e)))))))))","cd.sem_enter.yes","ok",0,0.0142076,4,9,104,1,3,2,1,0,800,13269,48,"HOA: v1 States: 4 Start: 0 AP: 5 ""a"" ""c"" ""b"" ""d"" ""e"" acc-name: Buchi Acceptance: 1 Inf(0) properties: trans-labels explicit-labels state-acc --BODY-- State: 0 ""{0}"" [!0 | 1] 0 [0&!1] 1 [0&!1&2] 2 State: 1 ""{0,2}"" [1] 0 [!1] 1 [!1&2] 2 State: 2 ""1"" [!1&!2&!3] 2 [3&4] 3 State: 3 ""3"" {0} [4] 3 --END--"
"F((a) & ((!(c)) U ((b) & (!(c)) & (X(((!(c)) U (d)) & ((c) R ((!(d)) | (G(e)))))))))","cd.sem_always.no","ok",0,0.0172056,4,9,104,1,3,2,1,0,800,13269,48,"HOA: v1 States: 4 Start: 0 AP: 5 ""a"" ""c"" ""b"" ""d"" ""e"" acc-name: Buchi Acceptance: 1 Inf(0) properties: trans-labels explicit-labels state-acc --BODY-- State: 0 ""{0}"" [!0 | 1] 0 [0&!1] 1 [0&!1&2] 2 State: 1 ""{0,2}"" [1] 0 [!1] 1 [!1&2] 2 State: 2 ""1"" [!1&!2&!3] 2 [3&4] 3 State: 3 ""3"" {0} [4] 3 --END--"
"F((a) & ((!(c)) U ((b) & (!(c)) & (X(((!(c)) U (d)) & ((c) R ((!(d)) | (G(e)))))))))","cd.sem_always.yes","ok",0,0.017317,4,9,104,1,3,2,1,0,800,13269,48,"HOA: v1 States: 4 Start: 0 AP: 5 ""a"" ""c"" ""b"" ""d"" ""e"" acc-name: Buchi Acceptance: 1 Inf(0) properties: trans-labels explicit-labels state-acc --BODY-- State: 0 ""{0}"" [!0 | 1] 0 [0&!1] 1 [0&!1&2] 2 State: 1 ""{0,2}"" [1] 0 [!1] 1 [!1&2] 2 State: 2 ""1"" [!1&!2&!3] 2 [3&4] 3 State: 3 ""3"" {0} [4] 3 --END--"
"F((a) & ((!(c)) U ((b) & (!(c)) & (X(((!(c)) U (d)) & ((c) R ((!(d)) | (G(e)))))))))","cd.sem_bscc.no","ok",0,0.0144387,4,9,104,1,3,2,1,0,800,13269,48,"HOA: v1 States: 4 Start: 0 AP: 5 ""a"" ""c"" ""b"" ""d"" ""e"" acc-name: Buchi Acceptance: 1 Inf(0) properties: trans-labels explicit-labels state-acc --BODY-- State: 0 ""{0}"" [!0 | 1] 0 [0&!1] 1 [0&!1&2] 2 State: 1 ""{0,2}"" [1] 0 [!1] 1 [!1&2] 2 State: 2 ""1"" [!1&!2&!3] 2 [3&4] 3 State: 3 ""3"" {0} [4] 3 --END--"
"F((a) & ((!(c)) U ((b) & (!(c)) & (X(((!(c)) U (d)) & ((c) R ((!(d)) | (G(e)))))))))","cd.sem_bscc.yes","ok",0,0.016453,4,9,104,1,3,2,1,0,800,13269,48,"HOA: v1 States: 4 Start: 0 AP: 5 ""a"" ""c"" ""b"" ""d"" ""e"" acc-name: Buchi Acceptance: 1 Inf(0) properties: trans-labels explicit-labels state-acc --BODY-- State: 0 ""{0}"" [!0 | 1] 0 [0&!1] 1 [0&!1&2] 2 State: 1 ""{0,2}"" [1] 0 [!1] 1 [!1&2] 2 State: 2 ""1"" [!1&!2&!3] 2 [3&4] 3 State: 3 ""3"" {0} [4] 3 --END--"
"F((a) & ((!(c)) U ((b) & (!(c)) & (X(((!(c)) U (d)) & ((c) R ((!(d)) | (G(e)))))))))","cd.sem_bscc+en.no","ok",0,0.0151749,4,9,104,1,3,2,1,0,800,13269,48,"HOA: v1 States: 4 Start: 0 AP: 5 ""a"" ""c"" ""b"" ""d"" ""e"" acc-name: Buchi Acceptance: 1 Inf(0) properties: trans-labels explicit-labels state-acc --BODY-- State: 0 ""{0}"" [!0 | 1] 0 [0&!1] 1 [0&!1&2] 2 State: 1 ""{0,2}"" [1] 0 [!1] 1 [!1&2] 2 State: 2 ""1"" [!1&!2&!3] 2 [3&4] 3 State: 3 ""3"" {0} [4] 3 --END--"
"F((a) & ((!(c)) U ((b) & (!(c)) & (X(((!(c)) U (d)) & ((c) R ((!(d)) | (G(e)))))))))","cd.sem_bscc+en.yes","ok",0,0.0154151,4,9,104,1,3,2,1,0,800,13269,48,"HOA: v1 States: 4 Start: 0 AP: 5 ""a"" ""c"" ""b"" ""d"" ""e"" acc-name: Buchi Acceptance: 1 Inf(0) properties: trans-labels explicit-labels state-acc --BODY-- State: 0 ""{0}"" [!0 | 1] 0 [0&!1] 1 [0&!1&2] 2 State: 1 ""{0,2}"" [1] 0 [!1] 1 [!1&2] 2 State: 2 ""1"" [!1&!2&!3] 2 [3&4] 3 State: 3 ""3"" {0} [4] 3 --END--"
"F((a) & ((!(c)) U ((b) & (!(c)) & (X(((!(c)) U (d)) & ((c) R ((!(d)) | (G(e)))))))))","cd.2-step.no","ok",0,0.0136394,4,9,104,1,3,2,1,0,800,13269,48,"HOA: v1 States: 4 Start: 0 AP: 5 ""a"" ""c"" ""b"" ""d"" ""e"" acc-name: Buchi Acceptance: 1 Inf(0) properties: trans-labels explicit-labels state-acc --BODY-- State: 0 ""{0}"" [!0 | 1] 0 [0&!1] 1 [0&!1&2] 2 State: 1 ""{0,2}"" [1] 0 [!1] 1 [!1&2] 2 State: 2 ""1"" [!1&!2&!3] 2 [3&4] 3 State: 3 ""3"" {0} [4] 3 --END--"
"F((a) & ((!(c)) U ((b) & (!(c)) & (X(((!(c)) U (d)) & ((c) R ((!(d)) | (G(e)))))))))","cd.2-step.yes","ok",0,0.0141606,4,9,104,1,3,2,1,0,800,13269,48,"HOA: v1 States: 4 Start: 0 AP: 5 ""a"" ""c"" ""b"" ""d"" ""e"" acc-name: Buchi Acceptance: 1 Inf(0) properties: trans-labels explicit-labels state-acc --BODY-- State: 0 ""{0}"" [!0 | 1] 0 [0&!1] 1 [0&!1&2] 2 State: 1 ""{0,2}"" [1] 0 [!1] 1 [!1&2] 2 State: 2 ""1"" [!1&!2&!3] 2 [3&4] 3 State: 3 ""3"" {0} [4] 3 --END--"
"F((a) & ((!(c)) U ((b) & (!(c)) & (X(((!(c)) U (d)) & ((c) R ((!(d)) | (G(e)))))))))","sd.ltl2ldba.no","ok",0,0.608099,8,19,176,1,8,3,1,0,1584,22231,238,"HOA: v1 States: 8 Start: 0 AP: 5 ""a"" ""c"" ""b"" ""d"" ""e"" acc-name: Buchi Acceptance: 1 Inf(0) properties: trans-labels explicit-labels trans-acc --BODY-- State: 0 [t] 0 [0&!1] 5 [0&!1&2] 1 [0&!1&2] 4 State: 1 [!1&!3] 1 [!1&3&4] 2 [1&3&4] 3 [!1&!3] 4 State: 2 [1&4] 3 {0} [!1&4] 2 {0} State: 3 [4] 3 {0} State: 4 [!1&!3&4] 7 [3&4] 6 {0} State: 5 [!1] 5 [!1&2] 1 [!1&2] 4 State: 6 [4] 6 {0} State: 7 [!1&!3&4] 7 [3&4] 6 {0} --END--"
"F((a) & ((!(c)) U ((b) & (!(c)) & (X(((!(c)) U (d)) & ((c) R ((!(d)) | (G(e)))))))))","sd.ltl2ldba.yes","ok",0,0.722009,4,8,84,1,4,2,1,0,800,10632,57,"HOA: v1 States: 4 Start: 0 AP: 5 ""a"" ""c"" ""b"" ""d"" ""e"" acc-name: Buchi Acceptance: 1 Inf(0) properties: trans-labels explicit-labels state-acc --BODY-- State: 0 [t] 0 [0&!1&2] 1 [0&!1] 3 State: 1 [!1&!2&!3] 1 [3&4] 2 State: 2 {0} [4] 2 State: 3 [!0&!1&2] 1 [!0&!1] 3 --END--"
"F((a) & ((!(c)) U ((b) & (!(c)) & (X(((!(c)) U (d)) & ((c) R ((!(d)) | (G(e)))))))))","sd.nba2ldba.no","ok",0,0.322854,4,8,84,1,4,2,1,0,800,10632,57,"HOA: v1 States: 4 Start: 0 AP: 5 ""a"" ""c"" ""b"" ""d"" ""e"" acc-name: Buchi Acceptance: 1 Inf(0) properties: trans-labels explicit-labels state-acc --BODY-- State: 0 [t] 0 [0&!1&2] 1 [0&!1] 3 State: 1 [!1&!2&!3] 1 [3&4] 2 State: 2 {0} [4] 2 State: 3 [!0&!1&2] 1 [!0&!1] 3 --END--"
"F((a) & ((!(c)) U ((b) & (!(c)) & (X(((!(c)) U (d)) & ((c) R ((!(d)) | (G(e)))))))))","sd.nba2ldba.yes","ok",0,0.311049,4,8,84,1,4,2,1,0,800,10632,57,"HOA: v1 States: 4 Start: 0 AP: 5 ""a"" ""c"" ""b"" ""d"" ""e"" acc-name: Buchi Acceptance: 1 Inf(0) properties: trans-labels explicit-labels state-acc --BODY-- State: 0 [t] 0 [0&!1&2] 1 [0&!1] 3 State: 1 [!1&!2&!3] 1 [3&4] 2 State: 2 {0} [4] 2 State: 3 [!0&!1&2] 1 [!0&!1] 3 --END--"
"F((a) & ((!(c)) U ((b) & (!(c)) & (X(((!(c)) U (d)) & ((c) R ((!(d)) | (G(e)))))))))","sd.seminator.no","ok",0,0.0146414,4,8,84,1,4,2,1,0,800,10632,57,"HOA: v1 States: 4 Start: 0 AP: 5 ""a"" ""c"" ""b"" ""d"" ""e"" acc-name: Buchi Acceptance: 1 Inf(0) properties: trans-labels explicit-labels state-acc semi-deterministic very-weak --BODY-- State: 0 [t] 0 [0&!1&2] 1 [0&!1] 2 State: 1 [!1&!2&!3] 1 [3&4] 3 State: 2 [!0&!1&2] 1 [!0&!1] 2 State: 3 {0} [4] 3 --END--"
"F((a) & ((!(c)) U ((b) & (!(c)) & (X(((!(c)) U (d)) & ((c) R ((!(d)) | (G(e)))))))))","sd.seminator.yes","ok",0,0.0145448,4,8,84,1,4,2,1,0,800,10632,57,"HOA: v1 States: 4 Start: 0 AP: 5 ""a"" ""c"" ""b"" ""d"" ""e"" acc-name: Buchi Acceptance: 1 Inf(0) properties: trans-labels explicit-labels state-acc semi-deterministic very-weak --BODY-- State: 0 [t] 0 [0&!1&2] 1 [0&!1] 2 State: 1 [!1&!2&!3] 1 [3&4] 3 State: 2 [!0&!1&2] 1 [!0&!1] 2 State: 3 {0} [4] 3 --END--"
"F((a) & ((!(c)) U ((b) & (!(c)) & (X(((!(c)) U (d)) & ((c) R ((!(d)) | (G(e)))))))))","sd.sem_enter.no","ok",0,0.012067,4,8,84,1,4,2,1,0,800,10632,57,"HOA: v1 States: 4 Start: 0 AP: 5 ""a"" ""c"" ""b"" ""d"" ""e"" acc-name: Buchi Acceptance: 1 Inf(0) properties: trans-labels explicit-labels state-acc semi-deterministic very-weak --BODY-- State: 0 [t] 0 [0&!1&2] 1 [0&!1] 2 State: 1 [!1&!2&!3] 1 [3&4] 3 State: 2 [!0&!1&2] 1 [!0&!1] 2 State: 3 {0} [4] 3 --END--"
"F((a) & ((!(c)) U ((b) & (!(c)) & (X(((!(c)) U (d)) & ((c) R ((!(d)) | (G(e)))))))))","sd.sem_enter.yes","ok",0,0.0132923,4,8,84,1,4,2,1,0,800,10632,57,"HOA: v1 States: 4 Start: 0 AP: 5 ""a"" ""c"" ""b"" ""d"" ""e"" acc-name: Buchi Acceptance: 1 Inf(0) properties: trans-labels explicit-labels state-acc semi-deterministic very-weak --BODY-- State: 0 [t] 0 [0&!1&2] 1 [0&!1] 2 State: 1 [!1&!2&!3] 1 [3&4] 3 State: 2 [!0&!1&2] 1 [!0&!1] 2 State: 3 {0} [4] 3 --END--"
"F((a) & ((!(c)) U ((b) & (!(c)) & (X(((!(c)) U (d)) & ((c) R ((!(d)) | (G(e)))))))))","sd.sem_always.no","ok",0,0.0139234,4,8,84,1,4,2,1,0,800,10632,57,"HOA: v1 States: 4 Start: 0 AP: 5 ""a"" ""c"" ""b"" ""d"" ""e"" acc-name: Buchi Acceptance: 1 Inf(0) properties: trans-labels explicit-labels state-acc semi-deterministic very-weak --BODY-- State: 0 [t] 0 [0&!1&2] 1 [0&!1] 2 State: 1 [!1&!2&!3] 1 [3&4] 3 State: 2 [!0&!1&2] 1 [!0&!1] 2 State: 3 {0} [4] 3 --END--"
"F((a) & ((!(c)) U ((b) & (!(c)) & (X(((!(c)) U (d)) & ((c) R ((!(d)) | (G(e)))))))))","sd.sem_always.yes","ok",0,0.0129451,4,8,84,1,4,2,1,0,800,10632,57,"HOA: v1 States: 4 Start: 0 AP: 5 ""a"" ""c"" ""b"" ""d"" ""e"" acc-name: Buchi Acceptance: 1 Inf(0) properties: trans-labels explicit-labels state-acc semi-deterministic very-weak --BODY-- State: 0 [t] 0 [0&!1&2] 1 [0&!1] 2 State: 1 [!1&!2&!3] 1 [3&4] 3 State: 2 [!0&!1&2] 1 [!0&!1] 2 State: 3 {0} [4] 3 --END--"
"F((a) & ((!(c)) U ((b) & (!(c)) & (X(((!(c)) U (d)) & ((c) R ((!(d)) | (G(e)))))))))","sd.sem_bscc.no","ok",0,0.0128119,4,8,84,1,4,2,1,0,800,10632,57,"HOA: v1 States: 4 Start: 0 AP: 5 ""a"" ""c"" ""b"" ""d"" ""e"" acc-name: Buchi Acceptance: 1 Inf(0) properties: trans-labels explicit-labels state-acc semi-deterministic very-weak --BODY-- State: 0 [t] 0 [0&!1&2] 1 [0&!1] 2 State: 1 [!1&!2&!3] 1 [3&4] 3 State: 2 [!0&!1&2] 1 [!0&!1] 2 State: 3 {0} [4] 3 --END--"
"F((a) & ((!(c)) U ((b) & (!(c)) & (X(((!(c)) U (d)) & ((c) R ((!(d)) | (G(e)))))))))","sd.sem_bscc.yes","ok",0,0.0134237,4,8,84,1,4,2,1,0,800,10632,57,"HOA: v1 States: 4 Start: 0 AP: 5 ""a"" ""c"" ""b"" ""d"" ""e"" acc-name: Buchi Acceptance: 1 Inf(0) properties: trans-labels explicit-labels state-acc semi-deterministic very-weak --BODY-- State: 0 [t] 0 [0&!1&2] 1 [0&!1] 2 State: 1 [!1&!2&!3] 1 [3&4] 3 State: 2 [!0&!1&2] 1 [!0&!1] 2 State: 3 {0} [4] 3 --END--"
"F((a) & ((!(c)) U ((b) & (!(c)) & (X(((!(c)) U (d)) & ((c) R ((!(d)) | (G(e)))))))))","sd.sem_bscc+en.no","ok",0,0.0129141,4,8,84,1,4,2,1,0,800,10632,57,"HOA: v1 States: 4 Start: 0 AP: 5 ""a"" ""c"" ""b"" ""d"" ""e"" acc-name: Buchi Acceptance: 1 Inf(0) properties: trans-labels explicit-labels state-acc semi-deterministic very-weak --BODY-- State: 0 [t] 0 [0&!1&2] 1 [0&!1] 2 State: 1 [!1&!2&!3] 1 [3&4] 3 State: 2 [!0&!1&2] 1 [!0&!1] 2 State: 3 {0} [4] 3 --END--"
"F((a) & ((!(c)) U ((b) & (!(c)) & (X(((!(c)) U (d)) & ((c) R ((!(d)) | (G(e)))))))))","sd.sem_bscc+en.yes","ok",0,0.0129156,4,8,84,1,4,2,1,0,800,10632,57,"HOA: v1 States: 4 Start: 0 AP: 5 ""a"" ""c"" ""b"" ""d"" ""e"" acc-name: Buchi Acceptance: 1 Inf(0) properties: trans-labels explicit-labels state-acc semi-deterministic very-weak --BODY-- State: 0 [t] 0 [0&!1&2] 1 [0&!1] 2 State: 1 [!1&!2&!3] 1 [3&4] 3 State: 2 [!0&!1&2] 1 [!0&!1] 2 State: 3 {0} [4] 3 --END--"
"F((a) & ((!(c)) U ((b) & (!(c)) & (X(((!(c)) U (d)) & ((c) R ((!(d)) | (G(e)))))))))","sd.2-step.no","ok",0,0.0141148,4,8,84,1,4,2,1,0,800,10632,57,"HOA: v1 States: 4 Start: 0 AP: 5 ""a"" ""c"" ""b"" ""d"" ""e"" acc-name: Buchi Acceptance: 1 Inf(0) properties: trans-labels explicit-labels state-acc semi-deterministic very-weak --BODY-- State: 0 [t] 0 [0&!1&2] 1 [0&!1] 2 State: 1 [!1&!2&!3] 1 [3&4] 3 State: 2 [!0&!1&2] 1 [!0&!1] 2 State: 3 {0} [4] 3 --END--"
"F((a) & ((!(c)) U ((b) & (!(c)) & (X(((!(c)) U (d)) & ((c) R ((!(d)) | (G(e)))))))))","sd.2-step.yes","ok",0,0.0135941,4,8,84,1,4,2,1,0,800,10632,57,"HOA: v1 States: 4 Start: 0 AP: 5 ""a"" ""c"" ""b"" ""d"" ""e"" acc-name: Buchi Acceptance: 1 Inf(0) properties: trans-labels explicit-labels state-acc semi-deterministic very-weak --BODY-- State: 0 [t] 0 [0&!1&2] 1 [0&!1] 2 State: 1 [!1&!2&!3] 1 [3&4] 3 State: 2 [!0&!1&2] 1 [!0&!1] 2 State: 3 {0} [4] 3 --END--"
